cidade;uf;codigo
Campo Grande;MS;CGR
Dourados;MS;DOU
Corumbá;MS;CMG
Três Lagoas;MS;TJL
Ponta Porã;MS;PMG
Bonito;MS;BYO
São Paulo;SP;SAO
Campinas;SP;VCP
Ribeirão Preto;SP;RAO
Rio de Janeiro;RJ;RIO
Brasília;DF;BSB
Belo Horizonte;MG;BHZ
Uberlândia;MG;UDI
Florianópolis;SC;FLN
Navegantes;SC;NVT
Joinville;SC;JOI
Chapecó;SC;XAP
Curitiba;PR;CWB
Londrina;PR;LDB
Maringá;PR;MGF
Foz do Iguaçu;PR;IGU
Porto Alegre;RS;POA
Cuiabá;MT;CGB
Goiânia;GO;GYN
Salvador;BA;SSA
Recife;PE;REC
Fortaleza;CE;FOR
Natal;RN;NAT
João Pessoa;PB;JPA
Maceió;AL;MCZ
Aracaju;SE;AJU
Teresina;PI;THE
São Luís;MA;SLZ
Belém;PA;BEL
Manaus;AM;MAO
Palmas;TO;PMW
Porto Velho;RO;PVH
Rio Branco;AC;RBR
Macapá;AP;MCP
Boa Vista;RR;BVB
Vitória;ES;VIX
